{
  "includeTerms": [
    "malignant neoplasm of caecum",
    "colonic cancer",
    "neoplasm of colon",
    "neoplasm of rectum",
    "carcinoma of caecum",
    "neoplasm of rectosigmoid junction",
    "carcinoma of rectum",
    "bowel cancer",
    "rectal carcinoma"
  ],
  "excludeTerms": [
    "secondary malignant neoplasm",
    "benign neoplasm",
    "anal carcinoma",
    "fh",
    "screen",
    "patient given advice",
    "stomach",
    "malignant neoplasm of anus unspecified",
    "malignant neoplasm of anal canal",
    "appendix",
    "malignant neoplasm of intestinal tract, part unspecified",
    "history",
    "polyp",
    "carcinoma in situ"
  ],
  "terminology": "Readv2",
  "createdBy": {
    "name": "Richard Williams",
    "email": "1234richardwilliams@gmail.com"
  },
  "createdOn": "2018-06-01T13:27:12.001Z",
  "lastUpdated": "2018-06-01T13:27:12.001Z"
}