{
  "includeTerms": [
    "abscess vulva",
    "boils",
    "buttock carbuncle",
    "abscess axilla",
    "\"Cellulitis and abscess of perineum\"",
    "\"Cellulitis and abscess of breast\"",
    "\"Cellulitis and abscess of groin\"",
    "\"Carbuncle of perineum\"",
    "\"Cutaneous abscess\"",
    "\"Carbuncle of scrotum\"",
    "\"Carbuncle of axilla\"",
    "\"Carbuncle of vagina\"",
    "\"Carbuncle of labium\"",
    "\"Carbuncle of breast\"",
    "\"Carbuncle of vulva\"",
    "\"Abscess of scrotum\"",
    "\"Carbuncle of groin\"",
    "\"Furuncle of vulva\"",
    "\"Carbuncle of anus\"",
    "\"Abscess of labia\"",
    "\"Skin abscess\"",
    "abscess buttock",
    "perineal abscess",
    "boil of breast",
    "boil of groin",
    "boil of axilla",
    "boil of perineum",
    "boil of buttock",
    "boil of anus",
    "boil of gluteal region",
    "boil of scrotum",
    "penile boil",
    "boil of vulva",
    "\"boil nos\"",
    "incision of boil of skin nec",
    "drainage of boil of skin nec",
    "boil of buttock nos",
    "furuncle boil",
    "furuncle - boil",
    "carbuncle of gluteal region"
  ],
  "excludeTerms": [
    "\"boil\"",
    "nec"
  ],
  "terminology": "Readv2",
  "createdBy": {
    "name": "Richard Williams",
    "email": "1234richardwilliams@gmail.com"
  },
  "createdOn": "2018-06-08T15:01:08.241Z",
  "lastUpdated": "2018-06-08T15:01:08.241Z"
}