{
  "includeTerms": [
    "heart failure",
    "cardiac failure",
    "impaired left ventricular function",
    "ventricular dysfunction",
    "cardiomyopathy",
    "chronic cor pulmonale",
    "new york heart association classification",
    "*ventricular failure",
    "cardiomyopathy nos",
    "secondary dilated cardiomyopathy",
    "arrhythmogenic right ventricular cardiomyopathy",
    "cardiomyopathy in myotonic dystrophy",
    "alcoholic cardiomyopathy",
    "hypertrophic obstructive cardiomyopathy",
    "primary dilated cardiomyopathy",
    "hypertrophic non-obstructive cardiomyopathy",
    "familial cardiomyopathy",
    "congestive cardiomyopathy",
    "ischaemic cardiomyopathy",
    "[x]other hypertrophic cardiomyopathy"
  ],
  "excludeTerms": [
    "acute congestive heart failure",
    "monitoring",
    "review",
    "right ventricular systolic dysfunction",
    "right ventricular diastolic dysfunction",
    "renal failure",
    "no evidence of",
    "did not attend",
    "malignant hypertensive heart disease",
    "h/o",
    "referral",
    "transplant failure",
    "discharge",
    "fh",
    "score",
    "follow-up",
    "resolved",
    "suspected",
    "excluded",
    "rehabilitation programme",
    "seen",
    "referred to",
    "heart failure care plan discussed with patient",
    "screen",
    "heart failure information given to patient",
    "neonatal cardiac failure",
    "congenital cardiac failure",
    "cardiac failure following abortive pregnancy",
    "cardiac failure therapy",
    "failure of sterile precautions",
    "mechanical failure",
    "education",
    "post cardiac operation heart failure",
    "heart failure as a complication of care",
    "on optimal heart failure therapy",
    "referred by heart failure nurse specialist",
    "new york heart association classification of heart failure symptoms",
    "endocardial fibroelastosis",
    "becker's disease",
    "endomyocardial fibrosis",
    "weak heart",
    "asthma - cardiac",
    "cardiomegaly - hypertensive",
    "cardiac insufficiency as a complication of care",
    "cardiomyopath",
    "except",
    "without",
    "pulmonary"
  ],
  "terminology": "Readv2",
  "createdBy": {
    "name": "Richard Williams",
    "email": "1234richardwilliams@gmail.com"
  },
  "createdOn": "2018-06-01T15:00:50.417Z",
  "lastUpdated": "2018-06-01T15:00:50.417Z"
}