{
  "includeTerms": [
    "rheumatoid nodule",
    "rheumatoid bursitis",
    "rheumatoid vasculitis",
    "rheumatoid arthropathy",
    "rheumatoid carditis",
    "rheumatoid myocarditis",
    "polyarthritis",
    "suspect inflammatory arthritis",
    "arthritis mutilans",
    "rheumat treatment started",
    "rheumatoid lung",
    "inflammatory polyarthropath*",
    "rheumatoid arthrit*"
  ],
  "excludeTerms": [
    "felty's syndrome",
    "disease activity score",
    "remitting seronegative symmetrical synovitis with pitting oedema",
    "adult-onset still's disease",
    "sero negative arthritis",
    "rheumatic carditis",
    "chronic post-rheumatic arthropathy",
    "juvenile",
    "rheumatoid arthritis of interphalangeal joint of toe",
    "rheumatoid arthritis of tibio-fibular joint",
    "rheumatoid arthritis of sternoclavicular joint",
    "caplan's syndrome",
    "jaccoud's syndrome",
    "nodular fibrositis of chronic rheumatic disease",
    "invitation",
    "rheumatoid arthritis with involvement of other organs or systems",
    "endemic polyarthritis",
    "exception reporting",
    "excepted from",
    "annual review",
    "arthritis and polyarthritis",
    "fh",
    "test",
    "screen",
    "questionnaire",
    "delivery of rehabilitation",
    "polyarthropathy nec",
    "kaschin - beck disease",
    "rheumatol. disorder monitoring",
    "arthritis monitoring",
    "rheumatism monitoring",
    "arthropathies in other specified diseases classified elsewhere",
    "arthropathies in other endocrine, nutritional and metabolic disorders",
    "crystal arthropathy in other metabolic disorders classified elsewhere",
    "gouty arthropathy due to enzyme defects and other inherited disorders classified elsewhere",
    "other specified arthritis",
    "other specific arthropathies, not elsewhere classified",
    "other specified crystal arthropathies",
    "other secondary gout",
    "other chondrocalcinosis",
    "other enteropathic arthropathies",
    "other psoriatic arthropathies"
  ],
  "terminology": "Readv2",
  "createdBy": {},
  "createdOn": "2018-03-02T09:04:25.900Z",
  "lastUpdated": "2018-03-02T09:04:25.900Z"
}