{
  "includeTerms": [
    "type 1 diabetes",
    "type i diabetes",
    "insulin dependent diabetes",
    "maturity onset diabetes in youth type 1"
  ],
  "excludeTerms": [
    "non-insulin dependent",
    "type 2",
    "type ii",
    "non-insulin-dependent",
    "review",
    "family history",
    "in remission",
    "in pregnancy",
    "gastroparesis",
    "maculopathy",
    "arthropathy",
    "diabetic cataract",
    "nephropathy",
    "polyneuropathy",
    "mononeuropathy",
    "complication",
    "poor control",
    "with gangrene",
    "with ulcer",
    "unstable",
    "pre-existing",
    "autoimmune diabetes",
    "diabetes mellitus autosomal dominant",
    "with peripheral angiopathy",
    "maturity onset diabetes"
  ],
  "terminology": "Readv2",
  "createdBy": {},
  "createdOn": "2018-03-09T14:56:03.827Z",
  "lastUpdated": "2018-03-09T14:56:03.827Z"
}