{
  "includeTerms": [
    "humerus fracture",
    "closed fracture wrist",
    "closed fracture of humerus nos"
  ],
  "excludeTerms": [
    "fracture of humerus due to birth trauma",
    "open fracture",
    "fracture of shaft of humerus",
    "barton",
    "closed fracture dislocation of wrist",
    "closed fracture-subluxation of the wrist",
    "elbow",
    "shoulder",
    "closed fracture of distal humerus",
    "closed fracture distal humerus",
    "fracture of humerus nos",
    "end of humerus",
    "radius",
    "fracture - closed"
  ],
  "terminology": "Readv2",
  "createdBy": {
    "name": "Richard Williams",
    "email": "1234richardwilliams@gmail.com"
  },
  "createdOn": "2018-06-01T13:08:47.899Z",
  "lastUpdated": "2018-06-01T13:08:47.899Z"
}