{
  "includeTerms": [
    "breathlessness",
    "breathless",
    "dyspnoea",
    "orthopnoea",
    "respiratory distress",
    "shortness of breath",
    "respiratory insufficiency",
    "short of breath on exertion",
    "difficulty breathing",
    "soboe",
    "short of breath dressing"
  ],
  "excludeTerms": [
    "borg breathlessness score: 0 none at all",
    "no breathlessness",
    "neonatal respiratory distress syndrome",
    "dyspnoea, airflow obstruction, smoking status, exacerbation frequency index",
    "perinatal respiratory distress",
    "anxiety about breathlessness",
    "breathlessness causing difficulty eating",
    "wheezing",
    "wheeze",
    "asthma",
    "sentence in one breath",
    "post-operative pulmonary insufficiency",
    "hyaline membrane disease",
    "newborn"
  ],
  "terminology": "Readv2",
  "createdBy": {},
  "createdOn": "2018-03-02T11:30:41.688Z",
  "lastUpdated": "2018-03-02T11:30:41.688Z"
}