{
  "includeTerms": [
    "shoulder subluxation",
    "shoulder dislocat*"
  ],
  "excludeTerms": [
    "fracture",
    "birth dislocation",
    "dislocation of other and unspecified parts of shoulder girdle",
    "pathological dislocation",
    "posterior",
    "inferior",
    "multidirectional",
    "habitual",
    "dislocation of humerus",
    "open"
  ],
  "terminology": "Readv2",
  "createdBy": {
    "name": "Richard Williams",
    "email": "1234richardwilliams@gmail.com"
  },
  "createdOn": "2018-06-01T13:18:52.323Z",
  "lastUpdated": "2018-06-01T13:18:52.323Z"
}