{
  "includeTerms": [
    "spouse",
    "cohabitee",
    "common law",
    "affair",
    "adultery committed",
    "\"Partnership problems\"",
    "\"Girlfriend arrested\"",
    "\"First relationship\"",
    "\"Boyfriend arrested\"",
    "\"Broken engagement\"",
    "\"New relationship\"",
    "\"Mistress taken\"",
    "\"Oil rig wives syndrome\"",
    "\"Lover taken\"",
    "\"Cohabiting\"",
    "\"Housewife\"",
    "\"Newly wed\"",
    "\"Separated\"",
    "\"Marriage\"",
    "\"Husband\"",
    "\"Engaged\"",
    "\"Wife\"",
    "\"Separation\"",
    "\"Single\"",
    "divorce*",
    "widow*",
    "partner",
    "antenatal screening, partner tested and no genetic risk identified",
    "spouse unwell",
    "wife well",
    "divorce proceedings pending",
    "marital",
    "*married",
    "relationship problem*"
  ],
  "excludeTerms": [
    "registrar-birth/death/marriage",
    "fh: haemophilia",
    "homemaker",
    "lives with spouse",
    "looks after chronically sick mother",
    "mother remarried",
    "charged with crime",
    "legal insurance problem",
    "pleads guilty",
    "lost custody of children",
    "poor family relationship",
    "parental marital problems",
    "parent relationship problem",
    "stepparent relationship problem",
    "stress at home",
    "domestic stress",
    "tower block syndrome",
    "home unsettled",
    "domestic problems",
    "husband alive",
    "work worries",
    "parent is handicapped",
    "sibling is handicapped",
    "sibling has disability",
    "widowed mother's allowance",
    "death grant",
    "single parent family, mother present",
    "able to understand single word instructions",
    "difficulty understanding single word instructions",
    "o/e - presenting part engaged",
    "o/e - presentation engaged-1/5",
    "single alcohol screening questionnaire",
    "uses single walking stick",
    "uses single crutch for walking",
    "rubella (single radial haemolysis) antibody",
    "single live birth",
    "single stillbirth",
    "other single vaccinations",
    "single inhaler maintenance and reliever therapy started",
    "separation of ciliary body",
    "extraction of single tooth",
    "thermal ablation of single lesion of liver",
    "percutaneous transhepatic biliary drainage single",
    "lima single anastomosis",
    "rima single anastomosis",
    "implantation of intravenous single chamber cardiac pacemaker system",
    "implantation of single chamber cardiac pacemaker system",
    "separation of labial adhesions",
    "separation of vulval adhesions",
    "separation of conjoined twins",
    "separation of conjoined twins nos",
    "separation of tarsal coalition",
    "exchange of plasma (single)",
    "single photon emission computerised tomography",
    "functional inactivation of single brain hemisphere test",
    "artificial insemination",
    "artificial insemin by donor",
    "gamete intrafallopian transfer",
    "referral to multi-agency single point of entry",
    "referral to single point of access service",
    "single assessment process",
    "single assessment process summary care plan completed",
    "separation anxiety disorder",
    "[x]other single mood affective disorders",
    "[x]separation anxiety disorder of childhood",
    "compensatory hypertrophy of single kidney",
    "premature separation of placenta with coagulation defect",
    "symphysis pubis separation",
    "[x]other premature separation of placenta",
    "[x]other single spontaneous delivery",
    "[x]other single delivery by caesarean section",
    "separation of nail plate",
    "single umbilical artery",
    "single nostril",
    "open division wrist ligament, single",
    "[v]single live birth",
    "[v]single stillbirth",
    "[v]family disruption",
    "[v]estrangement",
    "[v]marriage medical",
    "[x]need for immunization against other single bacterial diseases",
    "spectralgen single spec treatment set",
    "spectralgen single spec maintenance set",
    "umbilical elastic band-single belt",
    "incontiaid 1004 single-sided adhesive strips",
    "dry aid al831004 single sided foam strips",
    "\"use\"",
    "\"episode\"",
    "\"joint\"",
    "\"skinnies\"",
    "\"dose\"",
    "\"specified\"",
    "\"truss\"",
    "\"level\"",
    "\"nec\"",
    "\"a\"",
    "\"vaccination\"",
    "\"accidental\"",
    "\"mid\"",
    "\"coronary\"",
    "\"retinal\"",
    "\"bags\"",
    "\"lung\"",
    "\"not\"",
    "\"parents\"",
    "\"pubic\"",
    "\"fetus\"",
    "\"relative\"",
    "\"dependent\"",
    "\"father\"",
    "\"child\"",
    "\"assisted\"",
    "\"business\"",
    "\"cyst\"",
    "black widow",
    "sexual",
    "family nurse partnership team",
    "antenatal screening",
    "contraception",
    "lives with partner",
    "deceased",
    "partner alive",
    "requires communication partner",
    "initiation of partner notification",
    "intrauterine insemination without superovulation using partner sperm",
    "admission by gp partner",
    "well",
    "history",
    "pending",
    "marital stat",
    "adolescent relationship problem"
  ],
  "terminology": "Readv2",
  "createdBy": {
    "name": "Richard Williams",
    "email": "1234richardwilliams@gmail.com"
  },
  "createdOn": "2018-06-01T14:07:56.446Z",
  "lastUpdated": "2018-06-01T14:07:56.446Z"
}