{
  "includeTerms": [
    "nmo",
    "ethnic orig",
    "ethnic new zealand",
    "asian black",
    "european new zealand",
    "black iranian",
    "black guyana",
    "black indo",
    "\"Ethnicity and other related nationality data\"",
    "\"Ethnic group not given - patient refused\"",
    "\"Black, other, non-mixed origin\"",
    "\"Ethnic group not recorded\"",
    "\"Black - other African country\"",
    "\"Other Pacific ethnic group\"",
    "\"Other ethnic, mixed origin\"",
    "\"Black North African\"",
    "\"New Zealand Maori\"",
    "\"Cook Island Maori\"",
    "\"Black Arab\"",
    "\"Tokelauan\"",
    "\"Yemeni\"",
    "\"Pakeha\"",
    "\"Niuean\"",
    "\"Other Asian ethnic group\"",
    "\"Irish traveller\"",
    "\"Traveller - gypsy\"",
    "\"Other black ethnic group\"",
    "\"South East Asian\"",
    "\"Fijian\"",
    "\"Tongan\"",
    "\"Samoan\"",
    "\"Bangladeshi\"",
    "\"Black - other, mixed\"",
    "\"Pakistani\"",
    "\"Vietnamese\"",
    "\"Indian\"",
    "\"Black Caribbean\"",
    "\"Black British\"",
    "\"Black African\"",
    "\"Chinese\"",
    "\"Other ethnic group\"",
    "\"Other Asian\"",
    "\"Black Black - other\"",
    "census ethnic category",
    "ethnic groups",
    "white"
  ],
  "excludeTerms": [
    "indian origin",
    "west indian origin",
    "cantonese chinese dialect",
    "born in british indian ocean territory",
    "chinese evangelical christian",
    "indian orthodox",
    "white coat hypertension",
    "o/e - white vag. discharge",
    "surveillance of cerebral palsy in europe classification - predominant pattern b - predominant white matter injury",
    "white sputum",
    "white lengthening of tendo calcaneus",
    "chinese forearm flap",
    "indian head massage",
    "chinese herbal medicine",
    "chinese auricular points",
    "chinese scalp",
    "interpreter needed - vietnamese",
    "romanian",
    "bulgarian",
    "czech",
    "slovak",
    "portuguese",
    "nepali",
    "white piedra",
    "chinese liver fluke disease",
    "vanishing white matter disease",
    "wolff-parkinson-white syndrome",
    "vibratory white finger",
    "vibration white finger",
    "white spot lesions of teeth",
    "indian childhood cirrhosis",
    "white asphyxia",
    "accidental poisoning by white washes",
    "nicorette icy white 2mg chewing gum",
    "nicorette icy white 4mg chewing gum",
    "barkat white rice pizza base",
    "*rite-diet white mix 500g",
    "white liniment",
    "white petroleum jelly",
    "covermark acbs white finishing powder",
    "nex hnltw white laryngectomy t collar",
    "afex a800-w-07 white leg bag holder",
    "\"gf\"",
    "\"2011\"",
    "\"bread\"",
    "\"cell\"",
    "\"free\"",
    "\"dressing\"",
    "\"gf/wf\"",
    "\"language\"",
    "\"cells\"",
    "\"protector\"",
    "\"knee\"",
    "\"roma\"",
    "\"liquid\"",
    "\"count\"",
    "\"rast\"",
    "\"race\"",
    "\"cream\"",
    "\"for\"",
    "\"reads\"",
    "\"lp\"",
    "\"paraffin\""
  ],
  "terminology": "Readv2",
  "createdBy": {
    "name": "Richard Williams",
    "email": "1234richardwilliams@gmail.com"
  },
  "createdOn": "2018-05-30T13:17:36.775Z",
  "lastUpdated": "2018-05-30T13:17:36.775Z"
}