{
  "includeTerms": [
    "type 2 diabetes",
    "type ii diabetes",
    "non-insulin dependent diabetes",
    "diabetes mellitus adult onset with ophthalmic manifestation",
    "diabetes mellitus adult onset with unspecified complication"
  ],
  "excludeTerms": [
    "family history",
    "review",
    "metabolic syndrome",
    "in remission",
    "in pregnancy",
    "maturity onset",
    "maternally inherited",
    "reaven's syndrome",
    "diabetes mellitus, adult onset, with no mention of complication"
  ],
  "terminology": "Readv2",
  "createdBy": {},
  "createdOn": "2018-03-01T16:34:06.083Z",
  "lastUpdated": "2018-03-01T16:34:06.083Z"
}