{
  "includeTerms": [
    "chronic asthmatic bronchitis",
    "status asthmaticus",
    "health education - asthma self management",
    "asthma"
  ],
  "excludeTerms": [
    "family history",
    "asthma society member",
    "h/o",
    "at risk of",
    "suspected",
    "resolved",
    "risk assessment",
    "currently dormant",
    "asthma not disturbing sleep",
    "asthma not limiting activities",
    "asthma prophylactic medication used",
    "monitoring due",
    "does not have asthma management plan",
    "asthma management plan declined",
    "telehealth asthma monitoring",
    "asthma monitoring sms",
    "asthma monitoring invitation",
    "excepted from",
    "exception reporting",
    "childhood asthma",
    "mixed asthma",
    "asthma - cardiac",
    "patient in asthma study",
    "asthma-chronic obstructive pulmonary disease overlap syndrome",
    "asthma monitoring admin",
    "asthma monitoring check done",
    "asthma monitoring deleted",
    "asthma monitor phone invite",
    "asthma monitor verbal invite",
    "asthma monitor 3rd letter",
    "asthma monitor 2nd letter",
    "asthma monitor 1st letter",
    "asthma monitor offer default",
    "refuses asthma monitoring",
    "asthma clinic administration",
    "asthma outreach clinic",
    "did not attend asthma clinic",
    "seen in",
    "referral to",
    "asthma leaflet given",
    "asthma control step 0",
    "asthma screening",
    "health education - asthma",
    "respiratory disease monitoring",
    "chronic resp. dis. monitoring",
    "fh",
    "adverse reaction to theophylline - asthma",
    "adverse reaction to theophylline (asthma)",
    "rcp (royal college of physicians) three questions",
    "hyperreactive airways disease",
    "chronic wheezy bronchitis"
  ],
  "terminology": "Readv2",
  "createdBy": {},
  "createdOn": "2018-03-13T15:08:51.792Z",
  "lastUpdated": "2018-03-13T15:08:51.792Z"
}