{
  "includeTerms": [
    "cohabitee",
    "committed",
    "common law",
    "married",
    "spouse",
    "unmarried",
    "\"Divorced couple sharing house\"",
    "\"Partner is informal carer\"",
    "\"No partner at present\"",
    "\"Oil rig wives syndrome\"",
    "\"Cohabiting\"",
    "\"Housewife\"",
    "\"Newly wed\"",
    "\"Remarried\"",
    "\"Marriage\"",
    "\"Husband\"",
    "\"Wife\"",
    "\"Single\"",
    "separated from cohabitee",
    "marital",
    "wife well",
    "spouse unwell"
  ],
  "excludeTerms": [
    "fh: haemophilia",
    "homemaker",
    "lives with spouse",
    "spouse left home",
    "looks after chronically sick mother",
    "mother remarried",
    "parental marital problems",
    "stress at home",
    "domestic stress",
    "tower block syndrome",
    "home unsettled",
    "domestic problems",
    "lover taken",
    "mistress taken",
    "wife deceased",
    "husband alive",
    "husband deceased",
    "handicapped child",
    "parent is handicapped",
    "sibling is handicapped",
    "sibling has disability",
    "schizophrenic child",
    "has infirm partner",
    "husband died",
    "single parent family, mother present",
    "single alcohol screening questionnaire",
    "rubella (single radial haemolysis) antibody",
    "single live birth",
    "single stillbirth",
    "single inhaler maintenance and reliever therapy started",
    "percutaneous transhepatic biliary drainage single",
    "exchange of plasma (single)",
    "single photon emission computerised tomography",
    "artificial insemin by donor",
    "gamete intrafallopian transfer",
    "single assessment process",
    "new partial retinal detachment with single defect",
    "single umbilical artery",
    "single nostril",
    "single monster, specified type",
    "open division wrist ligament, single",
    "[x]maltreatment, by spouse or partner",
    "[v]marriage medical",
    "umbilical elastic band-single belt",
    "\"use\"",
    "\"episode\"",
    "\"joint\"",
    "\"skinnies\"",
    "\"other\"",
    "\"dose\"",
    "\"truss\"",
    "\"level\"",
    "\"a\"",
    "\"coronary\"",
    "\"vaccination\"",
    "\"mid\"",
    "\"bags\"",
    "\"lung\"",
    "\"nec\"",
    "\"death\"",
    "\"relative\"",
    "\"dependent\"",
    "\"father\"",
    "\"affair\"",
    "\"word\"",
    "\"assisted\"",
    "\"cyst\"",
    "spectralgen single spec",
    "single anastomosis",
    "uses single",
    "single chamber",
    "single pubic ramus",
    "single point of",
    "of single",
    "1004 single",
    "marital stat",
    "civil state",
    "history",
    "well"
  ],
  "terminology": "Readv2",
  "createdBy": {
    "name": "Richard Williams",
    "email": "1234richardwilliams@gmail.com"
  },
  "createdOn": "2018-06-01T14:20:07.578Z",
  "lastUpdated": "2018-06-01T14:20:07.578Z"
}