{
  "includeTerms": [
    "tubercle on z-n stain",
    "tb",
    "tuberculosis",
    "tuberculous pleurisy in primary progressive tuberculosis"
  ],
  "excludeTerms": [
    "vaccination",
    "contact with or exposure to tuberculosis",
    "congenital",
    "referral",
    "prostatitis in tuberculosis",
    "tuberculous disorders of intestine and mesentery",
    "screen",
    "fh",
    "h/o",
    "history of",
    "suspected",
    "latent",
    "late effects of",
    "sequelae",
    "contact",
    "at high risk of",
    "pneumoconiosis associated with tuberculosis",
    "tb chemotherapy",
    "transluminal balloon",
    "percutaneous transluminal occlusion",
    "renal tubulo-interstitial disorders",
    "pleurisy without effusion or active tuberculosis",
    "excluding mention of tuberculosis",
    "tuberculosis support",
    "tuberculosis of nervous system",
    "respiratory tuberculosis unspecified, confirmed bacteriologically and histologically",
    "other respiratory tuberculosis, confirmed bacteriologically and histologically",
    "acute miliary tuberculosis, unspecified",
    "other respiratory tuberculosis, without mention of bacteriological or histological confirmation",
    "other miliary tuberculosis",
    "on tuberculosis chemoprophylaxis",
    "tuberculosis index case",
    "ethambutol resistant tuberculosis",
    "ethionamide resistant tuberculosis",
    "isoniazid resistant tuberculosis",
    "pyrazinamide resistant tuberculosis",
    "rifampicin resistant tuberculosis",
    "inactive",
    "status",
    "tuberculosis of multiple limb bones",
    "tuberculosis of limb bones nos",
    "oophoritis",
    "tuberculosis of anus",
    "tuberculosis of lung, bacteriologically and histologically negative",
    "tuberculosis of lung, bacteriological and histological examination not done",
    "respiratory tuberculosis, not confirmed bacteriologically or histologically",
    "tuberculous abscess of spinal cord",
    "tuberculous encephalitis",
    "tuberculous meningoencephalitis",
    "tuberculosis - lupus nos",
    "tuberculosis colliquativa",
    "bazin's disease",
    "cervical lymph",
    "multidrug resistant tuberculosis",
    "extensively drug resistant tuberculosis",
    "disseminated tuberculosis",
    "tuberculous keratoconjunctivitis",
    "tuberculous interstitial keratitis",
    "tuberculous chronic iridocyclitis",
    "tuberculosis test",
    "tuberculous episcleritis",
    "tuberculous chorioretinitis",
    "tuberculous adenitis",
    "scrofulous tuberculous abscess",
    "tuberculous erythema nodosum",
    "lupus - tuberculous",
    "tuberculoma of spinal cord",
    "tuberculous abscess of brain",
    "tuberculoma of brain",
    "tuberculoma of meninges",
    "tuberculous meningitis",
    "tuberculous laryngitis",
    "tuberculous hydrothorax",
    "tuberculous empyema",
    "tuberculous pneumonia",
    "tuberculous bronchiectasis",
    "tuberculous pneumothorax",
    "tuberculous fibrosis of lung",
    "tuberculous osteomylelytis",
    "tuberculous arthritis",
    "tuberculous synovitis",
    "primary tuberculous infection",
    "tuberculous peritonitis",
    "tuberculous endometritis",
    "tuberculous cervicitis",
    "tuberculous pyelonephritis",
    "tuberculous pyelitis",
    "tuberculous nephropathy",
    "acid fast bacilli in sputum",
    "acute pericarditis - tuberculous",
    "tuberculous pleurisy",
    "maternal tuberculosis in the puerperium",
    "tuberculosis in pregnancy, childbirth and the puerperium",
    "maternal tuberculosis during pregnancy - baby not yet delivered",
    "maternal tuberculosis during pregnancy, childbirth or the puerperium"
  ],
  "terminology": "Readv2",
  "createdBy": {
    "name": "Richard Williams",
    "email": "1234richardwilliams@gmail.com"
  },
  "createdOn": "2018-05-16T15:58:27.556Z",
  "lastUpdated": "2018-05-16T15:58:27.556Z"
}