{
  "includeTerms": [
    "care intermediate referral",
    "homeless",
    "hospital inpatient long stay",
    "alone available help lives",
    "dependent handicapped",
    "home lives welfare",
    "biological lives",
    "alone housing",
    "tramp",
    "\"Subject to interim supervision order under Children Act 1989\"",
    "\"Provision of special residential school\"",
    "\"Place of occurrence of accident or poisoning, prison\"",
    "\"Divorced couple sharing house\"",
    "\"Prison medical examination\"",
    "\"Sleeping in night shelter\"",
    "\"Hospice - independent\"",
    "\"No carers, though not alone\"",
    "\"Has infirm partner\"",
    "\"Multiple occupancy\"",
    "\"Overcrowded in house\"",
    "\"Domestic problems\"",
    "\"Home unsettled\"",
    "\"Partner dying\"",
    "\"Living rough\"",
    "\"Stress at home\"",
    "\"Companion\"",
    "\"Homemaker\"",
    "\"Vagrant\"",
    "\"Works away from home\"",
    "\"Lives alone\"",
    "\"Vagabond\"",
    "\"In prison\"",
    "hobo",
    "\"person living alone\"",
    "\"delayed discharge - nursing home vacancy awaited\"",
    "\"boarding school resident\"",
    "\"lives with\"",
    "children* home",
    "\"lives in a children*\""
  ],
  "excludeTerms": [
    "housewife",
    "illegal migrant",
    "lives in squat",
    "sofa surfer - person of no fixed abode",
    "looks after elderly dependent",
    "arrested in police custody",
    "prison sentence",
    "domestic stress",
    "tower block syndrome",
    "wife unable to cope",
    "husband in prison",
    "lonely",
    "loneliness",
    "discharge from homeless advocacy service",
    "medisense companion 2 blood glucose meter",
    "\"sick\"",
    "\"social\"",
    "\"lack\"",
    "\"spouse\"",
    "child lives with",
    "lives with partner",
    "lives with prospective adopter",
    "\"place of occurrence of accident or poisoning, children's home\"",
    "institution resident",
    "waiting for admission to adequate facility elsewhere"
  ],
  "terminology": "Readv2",
  "createdBy": {
    "name": "Richard Williams",
    "email": "1234richardwilliams@gmail.com"
  },
  "createdOn": "2018-06-01T12:54:50.096Z",
  "lastUpdated": "2018-06-01T12:54:50.096Z"
}