{
  "includeTerms": [
    "transobturator",
    "tachypnoea",
    "\"Fusobacterial necrotising tonsillitis\"",
    "\"Perinatal respiratory distress NOS\"",
    "\"Borg Breathlessness Score: 0 none at all\"",
    "\"Urine beta amino isobutyrate level\"",
    "\"No breathlessness\"",
    "apnoea",
    "o/e hyperpnoea",
    "other respiratory distress of newborn",
    "mesoblastic nephroma"
  ],
  "excludeTerms": [
    "lemierre's syndrome",
    "wet lung syndrome in newborn",
    "neonatal apnoeic attack",
    "graseby"
  ],
  "terminology": "Readv2",
  "createdBy": {},
  "createdOn": "2018-05-17T14:00:18.484Z",
  "lastUpdated": "2018-05-17T14:00:18.484Z"
}