{
  "includeTerms": [
    "dementia",
    "alzheimer's disease",
    "*senile psycho*",
    "pick's disease",
    "senile degeneration of brain",
    "lewy body disease",
    "creutzfeldt-jakob disease",
    "presbyophrenic psychosis"
  ],
  "excludeTerms": [
    "assessment",
    "test",
    "childhood disintegrative disorder",
    "chronic alcoholic brain syndrome",
    "post hallucinogen perception disorder",
    "at risk of",
    "fh",
    "alzheimer's disease society member",
    "suspected",
    "review",
    "pick's disease of heart",
    "prion protein markers for creutzfeldt-jakob disease",
    "h/o",
    "monitoring",
    "raising awareness about",
    "other alzheimer's disease",
    "drugs for dementia",
    "drug therapy for dementia",
    "dementia leaflet",
    "referral",
    "carer of",
    "exception reporting",
    "screening",
    "excepted from",
    "care plan",
    "dementia infantalis",
    "symbiotic psychosis",
    "disintegrative psychosis",
    "heller's syndrome",
    "delirium not superimposed on dementia",
    "[x]alcoholic dementia nos"
  ],
  "terminology": "Readv2",
  "createdBy": {
    "name": "Richard Williams",
    "email": "1234richardwilliams@gmail.com"
  },
  "createdOn": "2018-06-13T07:20:48.398Z",
  "lastUpdated": "2018-06-13T07:20:48.398Z"
}