{
  "includeTerms": [
    "muslim",
    "church scotland",
    "orthodox",
    "church england",
    "catholic roman",
    "spiritualist",
    "rastafarian",
    "goddess",
    "jewish",
    "sikh",
    "christian",
    "follower of religion",
    "*theist",
    "protestant",
    "hindu",
    "\"Unitarian Universalist\"",
    "\"Scottish Episcopalian\"",
    "\"Seventh Day Adventist\"",
    "\"New age practitioner\"",
    "\"Ukrainian Catholic\"",
    "\"Congregationalist\"",
    "\"Ancestral worship\"",
    "\"Plymouth Brethren\"",
    "\"Russian Orthodox\"",
    "\"Eastern Catholic\"",
    "\"Christadelphian\"",
    "\"Sanatana Dharma\"",
    "\"Society of Friends\"",
    "\"Jehovah's Witness\"",
    "\"Mixed religion\"",
    "\"Messianic Jew\"",
    "\"Religion, none\"",
    "\"Ashkenazi Jew\"",
    "\"Nonconformist\"",
    "\"Church in Wales\"",
    "\"Radha Soami\"",
    "\"Free Church\"",
    "\"Zoroastrian\"",
    "\"Black magic\"",
    "\"Pentecostal\"",
    "\"Reform Jew\"",
    "\"Mennonite\"",
    "\"Kabbalist\"",
    "\"Occultist\"",
    "\"Chondogyo\"",
    "\"Anglican\"",
    "\"Sant Mat\"",
    "\"Agnostic\"",
    "\"Satanist\"",
    "\"Baptist\"",
    "\"Jainism\"",
    "\"Heathen\"",
    "\"Mormon\"",
    "\"Shinto\"",
    "\"Quaker\"",
    "\"Wiccan\"",
    "\"Taoist\"",
    "\"Ahmadi\"",
    "\"Islam\"",
    "\"Deist\"",
    "\"Druze\"",
    "\"Lutheran\"",
    "\"Humanist\"",
    "\"Pagan\"",
    "\"Baha'i\"",
    "\"Salvation Army\"",
    "\"Presbyterian\"",
    "\"Evangelical\"",
    "\"Methodist\"",
    "moravian",
    "united reform* church",
    "buddhist"
  ],
  "excludeTerms": [
    "salvation army member",
    "religion nos",
    "celtic pagan",
    "tibetan buddhist",
    "theravada buddhist",
    "nichiren buddhist",
    "new kadampa tradition buddhist",
    "christian humanist",
    "evangelical christian",
    "nazarene methodist",
    "neo-christian",
    "reformed protestant",
    "independent methodist",
    "free methodist",
    "wesleyan methodist",
    "reformed presbyterian",
    "free presbyterian",
    "free evangelical presbyterian",
    "vaishnava hindu",
    "shiva hindu",
    "advaitin hindu",
    "lutheran blood group",
    "\"disease\"",
    "Church of Ireland, follower of religion",
    "Coptic Orthodox",
    "Syrian Orthodox",
    "Eastern Orthodox",
    "serbian orthodox",
    "indian orthodox"
  ],
  "terminology": "Readv2",
  "createdBy": {
    "name": "Richard Williams",
    "email": "1234richardwilliams@gmail.com"
  },
  "createdOn": "2018-05-30T12:51:08.311Z",
  "lastUpdated": "2018-05-30T12:51:08.311Z"
}