{
  "includeTerms": [
    "dysfunction left monitoring ventricular",
    "exercise failure programme referral",
    "failure heart indicators quality",
    "indicators lvd quality",
    "education failure group heart",
    "\"Heart failure care plan discussed with patient\"",
    "\"Discharge from heart failure nurse service\"",
    "\"Heart failure review completed\"",
    "\"Did not attend practice nurse heart failure clinic\"",
    "\"Referral to rapid access heart failure clinic\"",
    "\"Referral to heart failure nurse\"",
    "\"Heart failure annual review\"",
    "\"Heart failure 6 month review\"",
    "\"H/O: Heart failure in last year\"",
    "\"Cardiac failure therapy\"",
    "\"Heart failure resolved\"",
    "\"Heart failure follow-up\"",
    "\"Heart failure education\"",
    "\"FH: Hypertrophic obstructive cardiomyopathy\"",
    "heart failure monitoring",
    "h/o heart failure",
    "o/e pulmonary oedema"
  ],
  "excludeTerms": [],
  "terminology": "Readv2",
  "createdBy": {},
  "createdOn": "2018-05-17T13:55:10.499Z",
  "lastUpdated": "2018-05-17T13:55:10.499Z"
}